Title,Description,Url,Started On,Finished On
Instant Messenger Vulnerability Analysis,,,Oct 2018,Dec 2018
DavinciBoB,"Language : C++ Project : ""Develop malware""  - Drop files in specific directory  - Hooking dll in notepad  - Register autorun Result : 4 out of 68 vaccines detected <https://www.virustotal.com/gui/file/ec9d85e4fc53f34f713b2f3c63b13ec5bb0660888e39e5b63618e36af2b3b1da/detection>",https://github.com/onsoim/DavinciBoB,Aug 2019,Aug 2019
ABE,"Language : Python3, JavaScript Framework : Django Project : Develop ABE with Django - Sign in & Sign up - ABE encryption - ABE decryption",https://github.com/onsoim/django-abe,Nov 2019,Dec 2019
suricata2pcap,"Language : Python3 Project : ""Suricata to pcap""  - Read given rule and parse it (file or folder)  - Build pcap from each rule",github.com/onsoim/suricata2pcap,Feb 2020,Feb 2020
[PJ4] Automated Building Fuzzing Environment Using Test Framework,"This research was motivated to help build a library fuzzing environment more conveniently. A library is a collection of APIs that needed an additional executable to (1) pass proper arguments to a targeted API mad with (2) an adequate sequence of API calls. To achieve them, this study is about an automated generation of (1) a seed corpus and (2) a fuzzing executable using a test framework.  OUTPUT - [P4] Automated Building Fuzzing Environment Using Test Framework - [P6] Automatically Seed Corpus and Fuzzing Executables Generation Using Test Framework - [SRC] https://github.com/onsoim/FuzzBuilderEx",https://github.com/onsoim/FuzzBuilderEx,Nov 2020,Jul 2021
[PJ6] A Fuzzing Seed Generation Technique Using Natural Language Processing Model,DDRFuzz(Data DRiven Fuzz) Modified AFL for DDRFuzz : [afl4ddrfuzz](https://github.com/onsoim/afl4ddrfuzz),https://github.com/onsoim/DDRFuzz,Mar 2021,Feb 2022
[PJ3] Development of Security Primitives for Unmanned Vehicles,"This project is an R&D about the development of security primitives for Unmanned Vehicles in various aspects such as sensors, communication/network, AI, and Monitoring technology.  ## OUTPUT  - [PT1] Anomaly detection model using message id sequence on unmanned moving objects - [PT2] Generative adversarial network model and training method to generate message id sequence on unmanned moving objects - [PT3] Method for Recording event data of unmanned vehicle - [SRC] https://github.com/onsoim/net-utils - [SW] 메시지 아이디 시퀀스 기반 무인이동체 침입탐지 프로그램",,Aug 2020,Jun 2022
[PJ7] Challenges for next generation security R&D,>도전문제: 지정된 차량용 인포테인먼트 시스템의 취약점을 찾아내어 이를 악용한 공격기술과 대응하는 방어기술을 제시하라!,https://velog.io/@onsoim/%EC%B0%A8%EC%84%B8%EB%8C%80%EB%B3%B4%EC%95%88-%EB%B6%84%EC%95%BC-%EC%B1%8C%EB%A6%B0%EC%A7%80-RD-%EC%B4%9D%EA%B4%84-%EA%B3%BC%EC%A0%9C,Jan 2021,Dec 2021
[PJ1] The Study of Algorithms,This project is a study of various algorithms using various languages. Try to solve as many and study concepts with other's codes in BOJ.,,Mar 2019,May 2022
[PJ2] K-Cyber Security Challenge 2019: AI-based Network Threat Detection,"This project is a process of preparing and participating in a challenge. The challenge serves csv that includes selected columns from a web server side’s log such as IP, port, timestamp, user agent, and so on. Participants have to detect threats based on this dataset. But this dataset includes only benign logs so need to use anomaly detection to detect threats.",,Oct 2019,Nov 2019
[PJ5] Develop and Maintain a discord bot for SAG (SSG Algorithm Group),"This project is a development of a discord bot for SAG (SSG Algorithm Group). At first, the purpose was to report every member's tier from solved.ac every morning using GitHub action. But action sometimes paused unintentionally, took too long, and reported irregularly. Later this bot moved to a docker container in a private server. And many other functions are added",,Jan 2021,May 2023
[PJ8] Develop an apk crawler,This project is the development of an APK crawler. The flow of APKcrawler is as below.  ## OUTPUT  [SRC] https://github.com/onsoim/APKcrawler [BLOG] https://onsoim.tistory.com/entry/undetectedchromedriver,,Feb 2022,Feb 2022
[PJ9] Cybersecurity AI/Big data challenge 2022: AI-based Malware Threat Classification,"This project is a process of preparing and participating in a challenge. The challenge serves raw window-based (PE) malware datasets. And participants have to classify their type of threats (e.g., bot, ransomware, trojan) and families.  ## OUTPUT - Final 7th",,Sep 2022,Nov 2022
[PJ10] Development of Mastercard Contactless Certification,Developed and validated a contactless payment kernel in compliance with Mastercard EMV Level 2 specifications.  Performed protocol-level debugging and root-cause analysis using raw APDU traces and conducted transaction stress testing to identify memory and compatibility issues.  Successfully completed Mastercard EMV Level 2 certification.,,Jul 2023,Apr 2024
[PJ11] Management of Outsourcing Project,,,Jun 2024,Nov 2024
[PJ12] Development of BMT Applications,,,Jul 2024,Mar 2025
[PJ13] Development of newly applied VAN (KSNet),,,Jan 2025,Feb 2025
[PJ14] Fix KR Cash IC Issues,,,Mar 2025,Mar 2025
[PJ15] Development of newly applied VAN (KCP),,,Apr 2025,Jul 2025
